Component Name,Normalized Name,Computerzone Price,Computerzone Status,Computerzone URL,Nanotek Price,Nanotek Status,Nanotek URL,PCBuilders Price,PCBuilders Status,PCBuilders URL,Winsoft Price,Winsoft Status,Winsoft URL
ASUS Dual GeForce RTX 3050 6GB OC GDDR6,asusdualgeforcertx30506gbocgddr6,,,,77000.0,Out of Stock,https://www.nanotek.lk/product/asus-dual-geforce-rtx-3050-6gb-oc-gddr6,,,,,,
MSI GeForce RTX 5050 8G GAMING OC,msigeforcertx50508goc,,,,136000.0,In stock,https://www.nanotek.lk/product/msi-geforce-rtx-5050-8g-gaming-oc,,,,,,
ASUS Dual GeForce RTX 5070 12GB GDDR7 OC,asusdualgeforcertx507012gbgddr7oc,,,,279000.0,In stock,https://www.nanotek.lk/product/asus-dual-geforce-rtx-5070-12gb-gddr7-oc,,,,,,
ASUS ROG Geforce RTX 5090 Astral 32GB GDDR7,asusroggeforcertx5090astral32gbgddr7,,,,1435000.0,In stock,https://www.nanotek.lk/product/asus-rog-geforce-rtx-5090-astral-32gb-gddr7,,,,,,
ASUS TUF Gaming Geforce RTX 5080 16GB GDDR7,asustufgeforcertx508016gbgddr7,,,,629000.0,In Stock,https://www.nanotek.lk/product/asus-tuf-gaming-geforce-rtx-5080-16gb-gddr7,,,,,,
ASUS PRIME Geforce RTX 5080 16GB GDDR7,asusprimegeforcertx508016gbgddr7,,,,559000.0,Out of Stock,https://www.nanotek.lk/product/asus-prime-geforce-rtx-5080-16gb-gddr7,,,,,,
Asus TUF Gaming GeForce RTX 5070 12GB GDDR7 OC,asustufgeforcertx507012gbgddr7oc,,,,299000.0,Out of Stock,https://www.nanotek.lk/product/asus-tuf-gaming-geforce-rtx-5070-12gb-gddr7-oc,,,,,,
Asus PRIME GeForce RTX 5070 12GB GDDR7 OC,asusprimegeforcertx507012gbgddr7oc,,,,269000.0,Out of Stock,https://www.nanotek.lk/product/asus-prime-geforce-rtx-5070-12gb-gddr7-oc,,,,,,
ASUS Prime GeForce RTX 5070 Ti 16GB GDDR7,asusprimegeforcertx5070ti16gbgddr7,,,,399000.0,Out of Stock,https://www.nanotek.lk/product/asus-prime-geforce-rtx-5070-ti-16gb-gddr7,,,,,,
ASUS Dual GeForce RTX 5050 8GB GDDR6 OC Edition,asusdualgeforcertx50508gbgddr6oc,,,,124500.0,In Stock,https://www.nanotek.lk/product/asus-dual-geforce-rtx-5050-8gb-gddr6-oc-edition-1,,,,,,
Asus ROG Astral LC GeForce RTX 5090 32GB GDDR7,asusrogastrallcgeforcertx509032gbgddr7,,,,1569000.0,Out of Stock,https://www.nanotek.lk/product/asus-rog-astral-lc-geforce-rtx-5090-32gb-gddr7,,,,,,
ASUS PRIME Geforce RTX 5060 TI 8GB DDR7 OC,asusprimegeforcertx5060ti8gbddr7oc,,,,189000.0,Out of Stock,https://www.nanotek.lk/product/asus-prime-geforce-rtx-5060-ti-8gb-ddr7-oc,,,,,,
ASUS TUF Gaming GeForce RTX 5060 Ti 16GB GDDR7,asustufgeforcertx5060ti16gbgddr7,,,,225000.0,Out of Stock,https://www.nanotek.lk/product/asus-tuf-gaming-geforce-rtx-5060-ti-16gb-gddr7,,,,,,
ASUS TUF Gaming GeForce RTX 5060 8GB GDDR7,asustufgeforcertx50608gbgddr7,,,,159000.0,Out of Stock,https://www.nanotek.lk/product/asus-tuf-gaming-geforce-rtx-5060-8gb-gddr7,,,,,,
ASUS Dual GeForce RTX 5060 Ti 16GB GDDR7,asusdualgeforcertx5060ti16gbgddr7,,,,232000.0,In Stock,https://www.nanotek.lk/product/asus-dual-geforce-rtx-5060-ti-16gb-gddr7,,,,,,
ASUS Dual GeForce RTX 5060 8GB GDDR7,asusdualgeforcertx50608gbgddr7,,,,143500.0,Out of Stock,https://www.nanotek.lk/product/asus-dual-geforce-rtx-5060-8gb-gddr7,,,,,,
ASUS TUF Gaming Radeon™ RX 9070 XT OC Edition 16GB GDDR6,asustufradeonrx9070xtoc16gbgddr6,,,,337000.0,Out of Stock,https://www.nanotek.lk/product/asus-tuf-gaming-radeon-rx-9070-xt-oc-edition-16gb-gddr6,,,,,,
ASUS Prime Radeon RX 9070 XT OC Edition 16GB GDDR6,asusprimeradeonrx9070xtoc16gbgddr6,,,,319000.0,Out of Stock,https://www.nanotek.lk/product/asus-prime-radeon-rx-9070-xt-oc-edition-16gb-gddr6,,,,,,
ASUS Dual GeForce RTX 3050 V2 OC Edition 8GB GDDR6,asusdualgeforcertx3050v2oc8gbgddr6,,,,89000.0,Out of Stock,https://www.nanotek.lk/product/asus-dual-geforce-rtx-3050-v2-oc-edition-8gb-gddr6,,,,,,
ASUS Dual GeForce RTX 3050 6GB GDDR6,asusdualgeforcertx30506gbgddr6,,,,75000.0,Out of Stock,https://www.nanotek.lk/product/asus-dual-geforce-rtx-3050-6gb-gddr6,,,,89000.0,Out of Stock,https://www.winsoft.lk/product/asus-dual-geforce-rtx-3050-6gb-gddr6/
Asus Gefore GT 730 2GB DDR5 4X HDMI,asusgeforegt7302gbddr54xhdmi,,,,40000.0,Out of Stock,https://www.nanotek.lk/product/asus-gefore-gt-730-2gb-ddr5-4x-hdmi,,,,,,
MSI Geforce RTX 5070TI MLG EDITION 16GB OC,msigeforcertx5070timlg16gboc,,,,429000.0,Out of Stock,https://www.nanotek.lk/product/msi-geforce-rtx-5070ti-mlg-edition-16gb-oc,,,,,,
ASUS ROG WINGWALL GRAPHICS CARD HOLDER,asusrogwingwallgraphicscardholder,,,,26500.0,In Stock,https://www.nanotek.lk/product/asus-rog-wingwall-graphics-card-holder,,,,,,
ASUS ROG STRIX GRAPHICS CARD HOLDER,asusrogstrixgraphicscardholder,,,,17000.0,In Stock,https://www.nanotek.lk/product/asus-rog-strix-graphics-card-holder,,,,,,
ZOTAC GAMING GeForce RTX 5050 Twin Edge 8GB,zotacgeforcertx5050twinedge8gb,,,,127500.0,In Stock,https://www.nanotek.lk/product/zotac-gaming-geforce-rtx-5050-twin-edge-8gb,,,,,,
ZOTAC GAMING GeForce RTX 5050 Twin Edge 8GB OC,zotacgeforcertx5050twinedge8gboc,,,,104000.0,Out of Stock,https://www.nanotek.lk/product/zotac-gaming-geforce-rtx-5050-twin-edge-8gb-oc,,,,,,
ZOTAC GAMING GeForce RTX 5070 Ti AMP Extreme INFINITY ULTRA,zotacgeforcertx5070tiampextremeinfinityultra,,,,370000.0,Out of Stock,https://www.nanotek.lk/product/zotac-gaming-geforce-rtx-5070-ti-amp-extreme-infinity-ultra,,,,,,
ZOTAC GAMING GeForce RTX 5060 Ti 8GB Twin Edge,zotacgeforcertx5060ti8gbtwinedge,,,,174000.0,In Stock,https://www.nanotek.lk/product/zotac-gaming-geforce-rtx-5060-ti-8gb-twin-edge,,,,,,
MSI RTX 5060 GAMING TRIO OC 8GB,msirtx5060triooc8gb,,,,165000.0,Out of Stock,https://www.nanotek.lk/product/msi-rtx-5060-gaming-trio-oc-8gb,,,,,,
MSI RTX 5060 TI VENTUS 2X PLUS OC 16GB,msirtx5060tiventus2xplusoc16gb,,,,196000.0,Out of Stock,https://www.nanotek.lk/product/msi-rtx-5060-ti-ventus-2x-plus-oc-16gb,,,,,,
MSI GeForce RTX 5050 8G VENTUS 2X OC,msigeforcertx50508gventus2xoc,,,,132000.0,In Stock,https://www.nanotek.lk/product/msi-geforce-rtx-5050-8g-ventus-2x-oc,,,,,,
MSI GeForce RTX 5050 8GB SHADOW 2X OC,msigeforcertx50508gbshadow2xoc,,,,127500.0,In Stock,https://www.nanotek.lk/product/msi-geforce-rtx-5050-8gb-shadow-2x-oc,,,,,,
ASUS Dual GeForce RTX 5060 Ti 8GB GDDR7 OC,asusdualgeforcertx5060ti8gbgddr7oc,,,,185000.0,In Stock,https://www.nanotek.lk/product/asus-dual-geforce-rtx-5060-ti-8gb-gddr7-oc,,,,,,
MSI GeForce RTX 5060 Ti 8G SHADOW 2X OC PLUS,msigeforcertx5060ti8gshadow2xocplus,,,,179000.0,In Stock,https://www.nanotek.lk/product/msi-geforce-rtx-5060-ti-8g-shadow-2x-oc-plus,,,,,,
ANTEC DAGGER ARGB GPU HOLDER,antecdaggerargbgpuholder,,,,8500.0,In stock,https://www.nanotek.lk/product/antec-dagger-argb-gpu-holder,8500.0,In Stock,https://pcbuilders.lk/antec-2/,,,
MSI GeForce RTX 5070 12G SHADOW 3X OC,msigeforcertx507012gshadow3xoc,,,,275000.0,Out of Stock,https://www.nanotek.lk/product/msi-geforce-rtx-5070-12g-shadow-3x-oc-1,,,,,,
MSI GeForce RTX 5070 Ti 16G GAMING TRIO OC,msigeforcertx5070ti16gtriooc,,,,369000.0,Out of Stock,https://www.nanotek.lk/product/msi-geforce-rtx-5070-ti-16g-gaming-trio-oc-1,,,,,,
ANTEC RGB GPU HOLDER,antecrgbgpuholder,,,,7500.0,In Stock,https://www.nanotek.lk/product/antec-rgb-gpu-holder,7500.0,In Stock,https://pcbuilders.lk/antec-3/,,,
ZOTAC GAMING GeForce RTX 5070 SOLID 12GB,zotacgeforcertx5070solid12gb,,,,237000.0,Out of Stock,https://www.nanotek.lk/product/zotac-gaming-geforce-rtx-5070-solid-12gb-1,,,,,,
MSI GeForce RTX 5060 Ti 16G GAMING TRIO OC,msigeforcertx5060ti16gtriooc,,,,220000.0,Out of Stock,https://www.nanotek.lk/product/msi-geforce-rtx-5060-ti-16g-gaming-trio-oc,,,,,,
MSI GeForce RTX 5060 Ti 8G GAMING TRIO OC,msigeforcertx5060ti8gtriooc,,,,185000.0,Out of Stock,https://www.nanotek.lk/product/msi-geforce-rtx-5060-ti-8g-gaming-trio-oc,,,,,,
MSI GeForce RTX™ 5070 12G VANGUARD SOC,msigeforcertx507012gvanguardsoc,,,,295000.0,Out of Stock,https://www.nanotek.lk/product/msi-geforce-rtx-5070-12g-vanguard-soc,,,,,,
MSI Geforce RTX 5070 Ti 16G GAMING TRIO OC PLUS,msigeforcertx5070ti16gtrioocplus,,,,370000.0,Out of Stock,https://www.nanotek.lk/product/msi-geforce-rtx-5070-ti-16g-gaming-trio-oc-plus,,,,,,
MSI Geforce RTX 5090 VANGUARD SOC 32GB GDDR7X,msigeforcertx5090vanguardsoc32gbgddr7x,,,,1039000.0,Out of Stock,https://www.nanotek.lk/product/msi-geforce-rtx-5090-vanguard-soc-32gb-gddr7x,,,,,,
MSI GeForce RTX 5090 32G GAMING TRIO OC,msigeforcertx509032gtriooc,,,,1035000.0,In stock,https://www.nanotek.lk/product/msi-geforce-rtx-5090-32g-gaming-trio-oc,,,,,,
MSI Geforce RTX 5090 SUPRIM LIQUID SOC 32GB GDDR7X,msigeforcertx5090suprimliquidsoc32gbgddr7x,,,,1144000.0,Out of Stock,https://www.nanotek.lk/product/msi-geforce-rtx-5090-suprim-liquid-soc-32gb-gddr7x,,,,,,
ZOTAC GAMING GeForce RTX 5060 Ti 8GB AMP,zotacgeforcertx5060ti8gbamp,,,,177000.0,Out of Stock,https://www.nanotek.lk/product/zotac-gaming-geforce-rtx-5060-ti-8gb-amp,,,,,,
ZOTAC GAMING GeForce RTX 5060 Ti 16GB Twin Edge OC,zotacgeforcertx5060ti16gbtwinedgeoc,,,,219000.0,In Stock,https://www.nanotek.lk/product/zotac-gaming-geforce-rtx-5060-ti-16gb-twin-edge-oc,,,,,,
MSI GeForce RTX 5060  GAMING OC 8GB,msigeforcertx5060oc8gb,,,,165000.0,In Stock,https://www.nanotek.lk/product/msi-geforce-rtx-5060-gaming-oc-8gb,,,,,,
MSI GeForce RTX 5060 8G SHADOW 2X OC,msigeforcertx50608gshadow2xoc,,,,147000.0,In Stock,https://www.nanotek.lk/product/msi-geforce-rtx-5060-8g-shadow-2x-oc,,,,,,
NVIDIA RTX A4500 20GB,nvidiartxa450020gb,,,,619000.0,In stock,https://www.nanotek.lk/product/nvidia-rtx-a4500-20gb,,,,,,
MSI GeForce RTX 5060 Ti 16G SHADOW 2X PLUS,msigeforcertx5060ti16gshadow2xplus,,,,193000.0,Out of Stock,https://www.nanotek.lk/product/msi-geforce-rtx-5060-ti-16g-shadow-2x-plus,,,,,,
MSI RTX 5070 GAMING TRIO WHITE 12GB,msirtx5070triowhite12gb,,,,289000.0,Out of Stock,https://www.nanotek.lk/product/msi-rtx-5070-gaming-trio-white-12gb,,,,,,
MSI Geforce RTX 5090 SUPRIM SOC 32GB GDDR7X,msigeforcertx5090suprimsoc32gbgddr7x,,,,1100000.0,Out of Stock,https://www.nanotek.lk/product/msi-geforce-rtx-5090-suprim-soc-32gb-gddr7x,,,,,,
MSI GeForce RTX 5060 8G VENTUS 2X OC,msigeforcertx50608gventus2xoc,,,,152000.0,In Stock,https://www.nanotek.lk/product/msi-geforce-rtx-5060-8g-ventus-2x-oc,,,,,,
MSI RTX 5060 TI VENTUS 2X OC PLUS 8GB,msirtx5060tiventus2xocplus8gb,,,,184000.0,In Stock,https://www.nanotek.lk/product/msi-rtx-5060-ti-ventus-2x-oc-plus-8gb,,,,,,
ZOTAC GAMING GeForce RTX 5060 Twin Edge 8GB,zotacgeforcertx5060twinedge8gb,,,,154000.0,In Stock,https://www.nanotek.lk/product/zotac-gaming-geforce-rtx-5060-twin-edge-8gb,,,,,,
ZOTAC GAMING GeForce RTX 5060 Twin Edge OC White Edition 8GB,zotacgeforcertx5060twinedgeocwhite8gb,,,,132000.0,Out of Stock,https://www.nanotek.lk/product/zotac-gaming-geforce-rtx-5060-twin-edge-oc-white-edition-8gb-1,,,,,,
ZOTAC GAMING GeForce RTX 5080 SOLID CORE OC,zotacgeforcertx5080solidoc,,,,459000.0,Out of Stock,https://www.nanotek.lk/product/zotac-gaming-geforce-rtx-5080-solid-core-oc,,,,,,
ZOTAC GAMING GeForce RTX 5070 Ti SOLID SFF 16GB,zotacgeforcertx5070tisolidsff16gb,,,,399000.0,In Stock,https://www.nanotek.lk/product/zotac-gaming-geforce-rtx-5070-ti-solid-sff-16gb,,,,,,
ZOTAC GAMING Geforce RTX 5090 AMP EXTREME INFINITY 32GB,zotacgeforcertx5090ampextremeinfinity32gb,,,,965000.0,Out of stock,https://www.nanotek.lk/product/zotac-gaming-geforce-rtx-5090-amp-extreme-infinity-32gb,,,,,,
MSI GeForce RTX 5070 12G VENTUS 2X OC,msigeforcertx507012gventus2xoc,,,,282000.0,In Stock,https://www.nanotek.lk/product/msi-geforce-rtx-5070-12g-ventus-2x-oc,,,,,,
"Corsair Premium PCIe 4.0 x16 Extension Cable, 300mm",corsairpremiumpcie40x16extensioncable300mm,,,,32500.0,Out of Stock,https://www.nanotek.lk/product/corsair-premium-pcie-40-x16-extension-cable-300mm,,,,,,
MSI GeForce RTX 5070 12G SHADOW 2X OC,msigeforcertx507012gshadow2xoc,,,,269000.0,In stock,https://www.nanotek.lk/product/msi-geforce-rtx-5070-12g-shadow-2x-oc,,,,,,
MSI Geforce RTX 5080 16G SHADOW 3X OC,msigeforcertx508016gshadow3xoc,,,,455000.0,Out of Stock,https://www.nanotek.lk/product/msi-geforce-rtx-5080-16g-shadow-3x-oc,,,,,,
MSI Geforce RTX 5080 16G SUPRIM LIQUID SOC,msigeforcertx508016gsuprimliquidsoc,,,,556000.0,Out of Stock,https://www.nanotek.lk/product/msi-geforce-rtx-5080-16g-suprim-liquid-soc,,,,,,
ZOTAC GAMING GeForce RTX 5080 AMP Extreme INFINITY 16GB,zotacgeforcertx5080ampextremeinfinity16gb,,,,489000.0,Out of Stock,https://www.nanotek.lk/product/zotac-gaming-geforce-rtx-5080-amp-extreme-infinity-16gb,,,,,,
ZOTAC GAMING GeForce RTX 5070 Ti AMP Extreme INFINITY 16GB,zotacgeforcertx5070tiampextremeinfinity16gb,,,,372000.0,Out of Stock,https://www.nanotek.lk/product/zotac-gaming-geforce-rtx-5070-ti-amp-extreme-infinity-16gb,,,,,,
ZOTAC GAMING GeForce RTX 5070 Ti SOLID OC 16GB,zotacgeforcertx5070tisolidoc16gb,,,,335000.0,Out of Stock,https://www.nanotek.lk/product/zotac-gaming-geforce-rtx-5070-ti-solid-oc-16gb,,,,,,
ZOTAC GAMING GeForce RTX 5070 SOLID OC 12GB,zotacgeforcertx5070solidoc12gb,,,,247000.0,Out of Stock,https://www.nanotek.lk/product/zotac-gaming-geforce-rtx-5070-solid-oc-12gb,,,,,,
MSI Geforce RTX 5070 Ti 16G SHADOW 3X OC,msigeforcertx5070ti16gshadow3xoc,,,,342000.0,Out of Stock,https://www.nanotek.lk/product/msi-geforce-rtx-5070-ti-16g-shadow-3x-oc,,,,,,
MSI RTX 3050 VENTUS 2X E OC 6GB,msirtx3050ventus2xeoc6gb,,,,93000.0,In stock,https://www.nanotek.lk/product/msi-rtx-3050-ventus-2x-e-oc-6gb,,,,,,
ASUS ROG Astral GeForce RTX 5080 16GB GDDR7 OC Edition,asusrogastralgeforcertx508016gbgddr7oc,,,,679000.0,Out of Stock,https://www.nanotek.lk/product/asus-rog-astral-geforce-rtx-5080-16gb-gddr7-oc-edition,,,,,,
MSI RTX 5080 Gaming Trio OC 16GB GDDR7X,msirtx5080triooc16gbgddr7x,,,,559000.0,In Stock,https://www.nanotek.lk/product/msi-rtx-5080-gaming-trio-oc-16gb-gddr7x,,,,,,
MSI GeForce RTX 5080 16G VANGUARD SOC,msigeforcertx508016gvanguardsoc,,,,529000.0,Out of Stock,https://www.nanotek.lk/product/msi-geforce-rtx-5080-16g-vanguard-soc,,,,,,
NVIDIA RTX A400 4GB,nvidiartxa4004gb,,,,74500.0,In Stock,https://www.nanotek.lk/product/nvidia-rtx-a400-4gb,,,,,,
NVIDIA RTX 2000 Ada Generation 16GB,nvidiartx2000adaeration16gb,,,,272500.0,Out of Stock,https://www.nanotek.lk/product/nvidia-rtx-2000-ada-generation-16gb,,,,,,
MSI Geforce GT1030 4GB D4 LP,msigeforcegt10304gbd4lp,,,,32500.0,Out of Stock,https://www.nanotek.lk/product/msi-geforce-gt1030-4gb-d4-lp,,,,,,
ZOTAC GAMING Geforce RTX 3050 ECO 8GB,zotacgeforcertx3050eco8gb,,,,99000.0,In Stock,https://www.nanotek.lk/product/zotac-gaming-geforce-rtx-3050-eco-8gb,,,,,,
MSI GEFORCE RTX 3050 VENTUS 2X XS 8G OC,msigeforcertx3050ventus2xxs8goc,,,,103000.0,In Stock,https://www.nanotek.lk/product/msi-geforce-rtx-3050-ventus-2x-xs-8g-oc,,,,,,
MSI RTX 5070 Ti 16G VANGUARD SOC,msirtx5070ti16gvanguardsoc,,,,385000.0,Out of Stock,https://www.nanotek.lk/product/msi-rtx-5070-ti-16g-vanguard-soc,,,,,,
MSI GeForce RTX 5070 12G GAMING TRIO OC,msigeforcertx507012gtriooc,,,,280000.0,Out of Stock,https://www.nanotek.lk/product/msi-geforce-rtx-5070-12g-gaming-trio-oc,,,,,,
MSI Geforce RTX 5070 Ti 16G VENTUS 3X OC,msigeforcertx5070ti16gventus3xoc,,,,358000.0,Out of Stock,https://www.nanotek.lk/product/msi-geforce-rtx-5070-ti-16g-ventus-3x-oc,,,,,,
NVIDIA T400 4GB,nvidiat4004gb,,,,65000.0,Out of Stock,https://www.nanotek.lk/product/nvidia-t400-4gb,,,,,,
NVIDIA T1000 8GB,nvidiat10008gb,,,,145000.0,Out of Stock,https://www.nanotek.lk/product/nvidia-t1000-8gb,,,,,,
MSI GeForce RTX 3060 VENTUS 2X 12G OC,msigeforcertx3060ventus2x12goc,,,,118000.0,Out of Stock,https://www.nanotek.lk/product/msi-geforce-rtx-3060-ventus-2x-12g-oc-1,,,,,,
MSI Geforce RTX 5080 INSPIRE 3X OC 16GB GDDR7X,msigeforcertx5080inspire3xoc16gbgddr7x,,,,487000.0,Out of Stock,https://www.nanotek.lk/product/msi-geforce-rtx-5080-inspire-3x-oc-16gb-gddr7x,,,,,,
MSI Geforce RTX 5070 12G VANGUARD SOC LAUNCH EDITION,msigeforcertx507012gvanguardsoclaunch,,,,295000.0,Out of Stock,https://www.nanotek.lk/product/msi-geforce-rtx-5070-12g-vanguard-soc-launch-edition,,,,,,
AXLE GeForce GTX 1660 SUPER 6GB Graphics Card (Not Sold Separately – Systems Only),axlegeforcegtx1660super6gbgraphicscard,,,,,,,,,,72500.0,In Stock,https://www.winsoft.lk/product/axle-geforce-gtx-1660-super-6gb/
AXLE RTX 3050 8GB GDDR6 Graphics Card (Not Sold Separately – Systems Only),axlertx30508gbgddr6graphicscard,,,,,,,,,,89000.0,In Stock,https://www.winsoft.lk/product/axle-rtx-3050-8gb-gddr6-graphics-card/
Gigabyte GeForce RTX 5060 WINDFORCE OC 8GB (Not Sold Separately – Systems Only),gigabytegeforcertx5060windforceoc8gb,,,,,,,,,,143000.0,In Stock,https://www.winsoft.lk/product/gigabyte-geforce-rtx-5060-windforce-8gb/
GeForce RTX 5060 WINDFORCE MAX 8G (Not Sold Separately – Systems Only),geforcertx5060windforcemax8g,,,,,,,,,,143000.0,In Stock,https://www.winsoft.lk/product/geforce-rtx-5060-windforce-max-8g/
Gigabyte GeForce RTX 5060 Ti WINDFORCE OC 8G (Not Sold Separately – Systems Only),gigabytegeforcertx5060tiwindforceoc8g,,,,,,,,,,179000.0,In Stock,https://www.winsoft.lk/product/gigabyte-geforce-rtx-5060-ti-windforce-oc/
Gigabyte GeForce RTX 5060 Ti AERO OC 8G,gigabytegeforcertx5060tiaerooc8g,,,,,,,,,,189000.0,In Stock,https://www.winsoft.lk/product/gigabyte-geforce-rtx-5060-ti-aero-oc-8g/
Gigabyte GeForce RTX 5060 Ti EAGLE MAX OC 16G (Not Sold Separately – Systems Only),gigabytegeforcertx5060tieaglemaxoc16g,,,,,,,,,,245000.0,In Stock,https://www.winsoft.lk/product/geforce-rtx-5060-ti-eagle-max-oc-16g/
GIGABYTE GeForce RTX 5060 Ti EAGLE  ICE OC 8GB Graphics Card (Not Sold Separately – Systems Only),gigabytegeforcertx5060tieagleiceoc8gbgraphicscard,,,,,,,,,,189000.0,In Stock,https://www.winsoft.lk/product/gigabyte-geforce-rtx-5060-ti-eagle-oc-ice/
Gigabyte GeForce RTX 5060 Ti Gaming OC 8G (Not Sold Separately – Systems Only),gigabytegeforcertx5060tioc8g,,,,,,,,,,189000.0,In Stock,https://www.winsoft.lk/product/gigabyte-geforce-rtx-5060-ti-gaming-oc-8g/
Gigabyte GeForce RTX 5060 Ti WINDFORCE OC 16GB (Not Sold Separately – Systems Only),gigabytegeforcertx5060tiwindforceoc16gb,,,,,,,,,,230000.0,In Stock,https://www.winsoft.lk/product/gigabyte-rtx-5060-ti-windforce-oc-16gb/
ASUS TUF Radeon RX 9070 XT OC 16GB Graphics Card,asustufradeonrx9070xtoc16gbgraphicscard,,,,,,,,,,355000.0,In Stock,https://www.winsoft.lk/product/asus-tuf-radeon-rx-9070-xt-graphics-card/
Gigabyte Radeon RX 9060 XT GAMING 16GB (Not Sold Separately – Systems Only),gigabyteradeonrx9060xt16gb,,,,,,,,,,199500.0,In Stock,https://www.winsoft.lk/product/gigabyte-radeon-rx-9060-xt-gaming-16gb/
GIGABYTE GeForce RTX 5070 GAMING OC 12GB Graphics Card (Not Sold Separately – Systems Only),gigabytegeforcertx5070oc12gbgraphicscard,,,,,,,,,,295000.0,In Stock,https://www.winsoft.lk/product/gigabyte-geforce-rtx-5070-gaming-oc-12gb/
Gigabyte GeForce RTX 5070 WINDFORCE OC SFF 12G (Not Sold Separately – Systems Only),gigabytegeforcertx5070windforceocsff12g,,,,,,,,,,275000.0,In Stock,https://www.winsoft.lk/product/gigabyte-rtx-5070-windforce-oc-sff-12g/
Gigabyte GeForce RTX 5070 EAGLE OC ICE SFF 12GB Graphics Card (Not Sold Separately – Systems Only),gigabytegeforcertx5070eagleocicesff12gbgraphicscard,,,,,,,,,,285000.0,In Stock,https://www.winsoft.lk/product/gigabyte-geforce-rtx-5070-eagle-oc-ice/
Gigabyte GeForce RTX 5070 EAGLE OC SFF 12G Graphics Card (Not Sold Separately – Systems Only),gigabytegeforcertx5070eagleocsff12ggraphicscard,,,,,,,,,,285000.0,In Stock,https://www.winsoft.lk/product/gigabyte-geforce-rtx-5070-eagle-oc-sff/
GIGABYTE GeForce RTX 4080 SUPER WINDFORCE V2 16G Graphics card (Not Sold Separately – Systems Only),gigabytegeforcertx4080superwindforcev216ggraphicscard,,,,,,,,,,485000.0,In Stock,https://www.winsoft.lk/product/gigabyte-rtx-4080-super-windforce-v2-16g/
Gigabyte GeForce RTX 5090 WINDFORCE OC 32G Graphics Card,gigabytegeforcertx5090windforceoc32ggraphicscard,,,,,,,,,,1035000.0,In Stock,https://www.winsoft.lk/product/gigabyte-geforce-rtx-5090-windforce/
Gigabyte GeForce RTX 5080 AERO OC SFF 16G Graphics Card (Not Sold Separately – Systems Only),gigabytegeforcertx5080aeroocsff16ggraphicscard,,,,,,,,,,559000.0,In Stock,https://www.winsoft.lk/product/gigabyte-geforce-rtx-5080-aero-oc-2/
GIGABYTE GeForce RTX 5080 WINDFORCE OC SFF 16G Graphics Card (Not Sold Separately – Systems Only),gigabytegeforcertx5080windforceocsff16ggraphicscard,,,,,,,,,,539000.0,In Stock,https://www.winsoft.lk/product/gigabyte-geforce-rtx-5080-windforce-oc/
GIGABYTE GeForce RTX 5090 AORUS Master 32GB Graphics Card,gigabytegeforcertx5090aorusmaster32gbgraphicscard,,,,,,,,,,1100000.0,In Stock,https://www.winsoft.lk/product/gigabyte-geforce-rtx-5090-aorus-master-32gb/
Gigabyte GeForce RTX 5050 WINDFORCE OC 8GB,gigabytegeforcertx5050windforceoc8gb,,,,,,,,,,104000.0,Out of Stock,https://www.winsoft.lk/product/gigabyte-geforce-rtx-5050-windforce-oc-8gb/
GIGABYTE GeForce RTX 3060 WINDFORCE OC 12G,gigabytegeforcertx3060windforceoc12g,,,,,,,,,,118000.0,Out of Stock,https://www.winsoft.lk/product/gigabyte-geforce-rtx-3060-windforce-oc-12g/
AXLE Geforce GT710 4GB DDR3 Graphics Card,axlegeforcegt7104gbddr3graphicscard,,,,,,,,,,17500.0,Out of Stock,https://www.winsoft.lk/product/axle-geforce-gt710-4gb-ddr3-graphics-card/
GIGABYTE GeForce RTX 3050 WINDFORCE OC V2 6G Graphics Card,gigabytegeforcertx3050windforceocv26ggraphicscard,,,,,,,,,,76000.0,Out of Stock,https://www.winsoft.lk/product/gigabyte-geforce-rtx-3050-windforce-oc-v2/
AXLE GeForce GTX 1050 4GB Graphics Card,axlegeforcegtx10504gbgraphicscard,,,,,,,,,,42500.0,Out of Stock,https://www.winsoft.lk/product/axle-geforce-gtx-1050-4gb-graphics-card/
Gigabyte GeForce RTX 5050 WINDFORCE 8GB,gigabytegeforcertx5050windforce8gb,,,,,,,,,,104000.0,Out of Stock,https://www.winsoft.lk/product/gigabyte-geforce-rtx-5050-windforce-8gb/
AXLE GeForce GTX 1650 4GB Graphics Card,axlegeforcegtx16504gbgraphicscard,,,,,,,,,,60000.0,Out of Stock,https://www.winsoft.lk/product/axle-geforce-gtx-1650-4gb-graphics-card/
PNY NVIDIA RTX A400 4GB GDDR6 Graphics Card,pnynvidiartxa4004gbgddr6graphicscard,,,,,,,,,,62500.0,Out of Stock,https://www.winsoft.lk/product/pny-nvidia-rtx-a400-4gb/
Gigabyte GeForce RTX 5060 WINDFORCE 8GB,gigabytegeforcertx5060windforce8gb,,,,,,,,,,127000.0,Out of Stock,https://www.winsoft.lk/product/gigabyte-geforce-rtx-5060-windforce-8g/
Gigabyte GeForce RTX 5060 GAMING OC 8G,gigabytegeforcertx5060oc8g,,,,,,,,,,145000.0,Out of Stock,https://www.winsoft.lk/product/gigabyte-geforce-rtx-5060-gaming-oc-8g/
Gigabyte AORUS GeForce RTX 5060 ELITE 8G,gigabyteaorusgeforcertx5060elite8g,,,,,,,,,,149000.0,Out of Stock,https://www.winsoft.lk/product/gigabyte-aorus-geforce-rtx-5060-elite-8g/
GIGABYTE GeForce RTX 5060 Ti EAGLE OC 16G,gigabytegeforcertx5060tieagleoc16g,,,,,,,,,,189000.0,Out of Stock,https://www.winsoft.lk/product/gigabyte-geforce-rtx-5060-ti-eagle-oc-16g/
Gigabyte GeForce RTX 4060 Eagle OC 8G Graphics Card,gigabytegeforcertx4060eagleoc8ggraphicscard,,,,,,,,,,140000.0,Out of Stock,https://www.winsoft.lk/product/gigabyte-geforce-rtx-4060-eagle-oc-8g/
GIGABYTE Radeon RX 7600 XT GAMING OC16G Graphics Card,gigabyteradeonrx7600xtoc16ggraphicscard,,,,,,,,,,142500.0,Out of Stock,https://www.winsoft.lk/product/gigabyte-radeon-rx-7600-xt-gaming-oc16g/
GIGABYTE GeForce RTX 5060 EAGLE OC 8G,gigabytegeforcertx5060eagleoc8g,,,,,,,,,,135000.0,Out of Stock,https://www.winsoft.lk/product/gigabyte-geforce-rtx-5060-eagle-oc-8g/
GIGABYTE GeForce RTX 5060 Ti EAGLE OC 8G,gigabytegeforcertx5060tieagleoc8g,,,,,,,,,,169000.0,Out of Stock,https://www.winsoft.lk/product/gigabyte-geforce-rtx-5060-ti-eagle-oc-8g/
Gigabyte GeForce RTX 5060 Ti Gaming OC 16G (Not Sold Separately – Systems Only),gigabytegeforcertx5060tioc16g,,,,,,,,,,232000.0,Out of Stock,https://www.winsoft.lk/product/gigabyte-geforce-rtx-5060-ti-gaming-oc-16g/
ASUS Prime Radeon RX 9070 XT OC 16GB Graphics Card,asusprimeradeonrx9070xtoc16gbgraphicscard,,,,,,,,,,308000.0,Out of Stock,https://www.winsoft.lk/product/asus-prime-radeon-rx-9070-xt-oc-16gb/
Gigabyte Radeon RX 9060 XT GAMING OC 16GB,gigabyteradeonrx9060xtoc16gb,,,,,,,,,,180000.0,Out of Stock,https://www.winsoft.lk/product/gigabyte-radeon-rx-9060-xt-gaming-oc-16gb/
Gigabyte GeForce RTX 5070 AERO OC 12G Graphics Card,gigabytegeforcertx5070aerooc12ggraphicscard,,,,,,,,,,275000.0,Out of Stock,https://www.winsoft.lk/product/gigabyte-geforce-rtx-5070-aero-oc-12g/
Gigabyte GeForce RTX 4070 SUPER Gaming OC 12G Graphics Card,gigabytegeforcertx4070superoc12ggraphicscard,,,,,,,,,,285000.0,Out of Stock,https://www.winsoft.lk/product/gigabyte-rtx-4070-super-gaming-oc-12g/
Gigabyte Radeon RX 9070 XT GAMING OC 16GB,gigabyteradeonrx9070xtoc16gb,,,,,,,,,,295000.0,Out of Stock,https://www.winsoft.lk/product/gigabyte-radeon-rx-9070-xt-gaming/
GIGABYTE AORUS GeForce RTX 5080 Master 16G Graphics,gigabyteaorusgeforcertx5080master16ggraphics,,,,,,,,,,545000.0,Out of Stock,https://www.winsoft.lk/product/gigabyte-aorus-geforce-rtx-5080-master-16g/
Gigabyte GeForce RTX 5080 GAMING OC 16GB Graphics Card,gigabytegeforcertx5080oc16gbgraphicscard,,,,,,,,,,515000.0,Out of Stock,https://www.winsoft.lk/product/gigabyte-geforce-rtx-5080-gaming-oc-16gb/
GIGABYTE Radeon RX 7800 XT GAMING OC16G Graphics Card,gigabyteradeonrx7800xtoc16ggraphicscard,,,,,,,,,,225000.0,Out of Stock,https://www.winsoft.lk/product/gigabyte-radeon-rx-7800-xt-gaming-oc16g/
Gigabyte AORUS GeForce RTX 5070 Ti MASTER 16G Graphics Card,gigabyteaorusgeforcertx5070timaster16ggraphicscard,,,,,,,,,,445000.0,Out of Stock,https://www.winsoft.lk/product/aorus-geforce-rtx-5070-ti-master-16g/
Gigabyte AORUS GeForce RTX 5080 Master ICE 16G Graphics Card,gigabyteaorusgeforcertx5080masterice16ggraphicscard,,,,,,,,,,545000.0,Out of Stock,https://www.winsoft.lk/product/gigabyte-aorus-geforce-rtx-5080-master-ice/
GIGABYTE GeForce RTX 5090 Gaming OC 32G Graphics Card,gigabytegeforcertx5090oc32ggraphicscard,,,,,,,,,,1075000.0,Out of Stock,https://www.winsoft.lk/product/gigabyte-geforce-rtx-5090-gaming-oc-32g/
Gigabyte GeForce RTX 5070 Ti EAGLE OC ICE SFF 16GB Graphics Card,gigabytegeforcertx5070tieagleocicesff16gbgraphicscard,,,,,,,,,,355000.0,Out of Stock,https://www.winsoft.lk/product/gigabyte-geforce-rtx-5070-ti-eagle-oc-ice/
Gigabyte GeForce RTX 5070 Ti WINDFORCE OC SFF 16G,gigabytegeforcertx5070tiwindforceocsff16g,,,,,,,,,,350000.0,Out of Stock,https://www.winsoft.lk/product/gigabyte-rtx-5070-ti-windforce-oc-sff-16gb/
Gigabyte GeForce RTX 5070 Ti WINDFORCE SFF 16G,gigabytegeforcertx5070tiwindforcesff16g,,,,,,,,,,345000.0,Out of Stock,https://www.winsoft.lk/product/gigabyte-rtx-5070-ti-windforce-oc-sff-16g/
Gigabyte GeForce RTX 5070 Ti EAGLE OC SFF Graphics Card,gigabytegeforcertx5070tieagleocsffgraphicscard,,,,,,,,,,355000.0,Out of Stock,https://www.winsoft.lk/product/gigabyte-geforce-rtx-5070-ti-eagle-oc-sff/
Gigabyte GeForce RTX 5070 Ti AERO OC 16G Graphics Card,gigabytegeforcertx5070tiaerooc16ggraphicscard,,,,,,,,,,398000.0,Out of Stock,https://www.winsoft.lk/product/gigabyte-geforce-rtx-5070-ti-aero-oc-16g/
Gigabyte GeForce RTX 4060 WINDFORCE 8G Graphics Card,gigabytegeforcertx4060windforce8ggraphicscard,,,,,,,,,,122000.0,Out of Stock,https://www.winsoft.lk/product/gigabyte-rtx-4060-windforce-8g/
Gigabyte GeForce RTX 4060 Ti Eagle OC 8G Graphics Card,gigabytegeforcertx4060tieagleoc8ggraphicscard,,,,,,,,,,185000.0,Out of Stock,https://www.winsoft.lk/product/gigabyte-rtx-4060-ti-eagle-oc-8g/
Gigabyte AORUS GeForce RTX 4060 Ti Elite 8G Graphics Card,gigabyteaorusgeforcertx4060tielite8ggraphicscard,,,,,,,,,,210000.0,Out of Stock,https://www.winsoft.lk/product/gigabyte-aorus-geforce-rtx-4060-ti-elite-8g/
Gigabyte GeForce RTX 4060 Ti Gaming OC 8G Graphics Card,gigabytegeforcertx4060tioc8ggraphicscard,,,,,,,,,,185000.0,Out of Stock,https://www.winsoft.lk/product/gigabyte-geforce-rtx-4060-ti-gaming-oc-8g/
AORUS GeForce RTX 4080 SUPER MASTER 16G Graphic Card,aorusgeforcertx4080supermaster16ggraphiccard,,,,,,,,,,535000.0,Out of Stock,https://www.winsoft.lk/product/aorus-geforce-rtx-4080-super-master-16g-graphic-card/
Gigabyte GeForce RTX 4090 WindForce 24GB GDDR6X Graphics Card,gigabytegeforcertx4090windforce24gbgddr6xgraphicscard,,,,,,,,,,770000.0,Out of Stock,https://www.winsoft.lk/product/gigabyte-geforce-rtx-4090-windforce-24gb/
Gigabyte GeForce RTX 4070 Ti SUPER WINDFORCE MAX OC 16G Graphic Card,gigabytegeforcertx4070tisuperwindforcemaxoc16ggraphiccard,,,,,,,,,,402000.0,Out of Stock,https://www.winsoft.lk/product/gigabyte-geforce-rtx-4070-ti-super/
Gigabyte GeForce RTX 4070  WINDFORCE OC 12G Graphics Card,gigabytegeforcertx4070windforceoc12ggraphicscard,,,,,,,,,,229000.0,Out of Stock,https://www.winsoft.lk/product/gigabyte-geforce-rtx-4070-windforce-oc-12g/
Gigabyte GeForce RTX 4070 SUPER EAGLE OC ICE 12G Graphics Card,gigabytegeforcertx4070supereagleocice12ggraphicscard,,,,,,,,,,305000.0,Out of Stock,https://www.winsoft.lk/product/gigabyte-geforce-rtx-4070-super-eagle-oc/
Gigabyte GeForce RTX 3060 GAMING OC 12GB GDDR6 Graphics Card,gigabytegeforcertx3060oc12gbgddr6graphicscard,,,,,,,,,,135000.0,Out of Stock,https://www.winsoft.lk/product/gigabyte-geforce-rtx-3060-gaming-oc-12gb-gddr6-graphics-card/
Gigabyte GeForce RTX 4070 SUPER WINDFORCE OC 12G Graphics Card,gigabytegeforcertx4070superwindforceoc12ggraphicscard,,,,,,,,,,265000.0,Out of Stock,https://www.winsoft.lk/product/gigabyte-geforce-rtx-4070-super-windforce-oc-12g-graphics-card/
Gigabyte GeForce RTX 4090 Gaming  OC 24G Graphics Card,gigabytegeforcertx4090oc24ggraphicscard,,,,,,,,,,825000.0,Out of Stock,https://www.winsoft.lk/product/gigabyte-geforce-rtx-4090-gaming-oc-24g/
Gigabyte GeForce RTX 4070 Gaming OC 12G Graphics Card,gigabytegeforcertx4070oc12ggraphicscard,,,,,,,,,,275000.0,Out of Stock,https://www.winsoft.lk/product/gigabyte-geforce-rtx-4070-gaming-oc-12g/
Gigabyte GeForce RTX 4060 Eagle OC ICE 8G Graphics Card,gigabytegeforcertx4060eagleocice8ggraphicscard,,,,,,,,,,141500.0,Out of Stock,https://www.winsoft.lk/product/gigabyte-rtx-4060-eagle-oc-ice-8g/
Gigabyte GeForce RTX 4060 Ti Gaming OC 16G Graphics Card,gigabytegeforcertx4060tioc16ggraphicscard,,,,,,,,,,230000.0,Out of Stock,https://www.winsoft.lk/product/gigabyte-geforce-rtx-4060-ti-gaming-oc-16g/
AORUS GeForce RTX 4090 MASTER 24G Graphic Card,aorusgeforcertx4090master24ggraphiccard,,,,,,,,,,855000.0,Out of Stock,https://www.winsoft.lk/product/aorus-geforce-rtx-4090-master-24g-graphic-card/
Gigabyte GeForce RTX 4060 Ti WINDFORCE OC 8GB Graphic Card,gigabytegeforcertx4060tiwindforceoc8gbgraphiccard,,,,,,,,,,187000.0,Out of Stock,https://www.winsoft.lk/product/gigabyte-rtx-4060-ti-windforce-oc-8gb-2/
GIGABYTE GeForce RTX 3050 WINDFORCE OC 6G Graphics Card,gigabytegeforcertx3050windforceoc6ggraphicscard,,,,,,,,,,82500.0,Out of Stock,https://www.winsoft.lk/product/gigabyte-rtx-3050-windforce-oc-8g-2/
Gigabyte GeForce RTX 4060 Ti WINDFORCE OC 16GB Graphic Card,gigabytegeforcertx4060tiwindforceoc16gbgraphiccard,,,,,,,,,,200000.0,Out of Stock,https://www.winsoft.lk/product/gigabyte-rtx-4060-ti-windforce-oc-8gb/
Gigabyte GeForce RTX 4070 Ti Super Gaming OC 16G Graphic Card,gigabytegeforcertx4070tisuperoc16ggraphiccard,,,,,,,,,,399000.0,Out of Stock,https://www.winsoft.lk/product/gigabyte-geforce-rtx-4070-ti-super-gaming/
Gigabyte GeForce RTX 4060 Gaming OC 8G Graphics Card,gigabytegeforcertx4060oc8ggraphicscard,,,,,,,,,,160000.0,Out of Stock,https://www.winsoft.lk/product/gigabyte-geforce-rtx-4060-gaming-oc-8g/
Gigabyte GeForce RTX 3050 WINDFORCE OC 8G Graphics Card,gigabytegeforcertx3050windforceoc8ggraphicscard,,,,,,,,,,107250.0,Out of Stock,https://www.winsoft.lk/product/gigabyte-rtx-3050-windforce-oc-8g/
Gigabyte GeForce GTX 1650 D6 WINDFORCE OC 4G Graphics Card,gigabytegeforcegtx1650d6windforceoc4ggraphicscard,,,,,,,,,,61500.0,Out of Stock,https://www.winsoft.lk/product/gigabyte-gtx-1650-d6-windforce-oc-4g/
Gigabyte GeForce RTX 4060 Ti Eagle 8G Graphic Card,gigabytegeforcertx4060tieagle8ggraphiccard,,,,,,,,,,189000.0,Out of Stock,https://www.winsoft.lk/product/gigabyte-geforce-rtx-4060-ti-eagle-8g/
GIGABYTE GeForce RTX 3050 EAGLE OC 6G Graphics Card,gigabytegeforcertx3050eagleoc6ggraphicscard,,,,,,,,,,85000.0,Out of Stock,https://www.winsoft.lk/product/gigabyte-rtx-3050-eagle-oc-6g/
Gigabyte GeForce RTX 4070 Ti GAMING OC 12G Graphic Card,gigabytegeforcertx4070tioc12ggraphiccard,,,,,,,,,,345000.0,Out of Stock,https://www.winsoft.lk/product/gigabyte-geforce-rtx-4070-ti-gaming-oc-12g-graphic-card/
GIGABYTE GEFORCE RTX 4080 16GB GAMING OC Graphics Card,gigabytegeforcertx408016gbocgraphicscard,,,,,,,,,,590000.0,Out of Stock,https://www.winsoft.lk/product/gigabyte-geforce-rtx-4080-16gb-gaming-oc/
Gigabyte GeForce GTX 1650 D6 OC Low Profile 4G Graphics Card,gigabytegeforcegtx1650d6oclowprofile4ggraphicscard,,,,,,,,,,75000.0,Out of Stock,https://www.winsoft.lk/product/gigabyte-geforce-gtx-1650-d6-oc-low-profile-4g/
Gigabyte GeForce RTX 4060 Ti Aero OC 8G Graphic Card,gigabytegeforcertx4060tiaerooc8ggraphiccard,,,,,,,,,,195000.0,Out of Stock,https://www.winsoft.lk/product/gigabyte-geforce-rtx-4060-ti-aero-oc-8g/
Gigabyte GeForce GTX 1660 OC 6GB Graphics Card,gigabytegeforcegtx1660oc6gbgraphicscard,,,,,,,,,,115000.0,Out of Stock,https://www.winsoft.lk/product/gigabyte-geforce-gtx-1660-oc-6gb/
Gigabyte GeForce GTX 1630 OC Low Profile 4GB GDDR6 Graphics Card,gigabytegeforcegtx1630oclowprofile4gbgddr6graphicscard,,,,,,,,,,50000.0,Out of Stock,https://www.winsoft.lk/product/gigabyte-geforce-gtx-1630-oc-low-profile-4gb-gddr6-graphics-card/
Gigabyte GeForce GTX 1660 SUPER OC 6G Graphics Card,gigabytegeforcegtx1660superoc6ggraphicscard,,,,,,,,,,119000.0,Out of Stock,https://www.winsoft.lk/product/gigabyte-geforce-gtx-1660-super-oc-6g/
GIGABYTE GeForce RTX 3050 EAGLE OC 8G Graphics Card,gigabytegeforcertx3050eagleoc8ggraphicscard,,,,,,,,,,135000.0,Out of Stock,https://www.winsoft.lk/product/gigabyte-rtx-3050-eagle-oc-8g-graphics-card/
Gigabyte GeForce RTX 3050 Gaming OC 8GB Graphics Card,gigabytegeforcertx3050oc8gbgraphicscard,,,,,,,,,,135000.0,Out of Stock,https://www.winsoft.lk/product/gigabyte-geforce-rtx-3050-gaming-oc-8gb-graphics-card/
Gigabyte GeForce RTX 3060 Eagle OC 12GB GDDR6 2X Fan Graphics Card,gigabytegeforcertx3060eagleoc12gbgddr62xfangraphicscard,,,,,,,,,,155000.0,Out of Stock,https://www.winsoft.lk/product/gigabyte-geforce-rtx-3060-eagle-oc-12gb/
Gigabyte Aorus GeForce RTX 3060 Elite GDDR6 Graphics Card,gigabyteaorusgeforcertx3060elitegddr6graphicscard,,,,,,,,,,140000.0,Out of Stock,https://www.winsoft.lk/product/gigabyte-aorus-geforce-rtx-3060-elite-gddr6/
Gigabyte GeForce RTX 3060 GAMING OC 8GB GDDR6 Graphics Card,gigabytegeforcertx3060oc8gbgddr6graphicscard,,,,,,,,,,125000.0,Out of Stock,https://www.winsoft.lk/product/gigabyte-geforce-rtx-3060-gaming-oc-8gb-gddr6-graphics-card/
Gigabyte GeForce RTX 3060 Ti Eagle OC 8G Graphics Card,gigabytegeforcertx3060tieagleoc8ggraphicscard,,,,,,,,,,175000.0,Out of Stock,https://www.winsoft.lk/product/gigabyte-geforce-rtx-3060-ti-eagle-oc-8g/
Gigabyte AORUS GeForce RTX 4060 Elite 8G Graphics,gigabyteaorusgeforcertx4060elite8ggraphics,,,,,,,,,,155000.0,Out of Stock,https://www.winsoft.lk/product/gigabyte-aorus-geforce-rtx-4060-elite-8g/
Gigabyte AORUS GeForce RTX 4070 Master 12G Graphics Card,gigabyteaorusgeforcertx4070master12ggraphicscard,,,,,,,,,,310000.0,Out of Stock,https://www.winsoft.lk/product/gigabyte-aorus-geforce-rtx-4070-master-12g/
GIGABYTE GeForce RTX 4070 Ti Eagle OC 12G Graphic Card,gigabytegeforcertx4070tieagleoc12ggraphiccard,,,,,,,,,,380000.0,Out of Stock,https://www.winsoft.lk/product/gigabyte-geforce-rtx-4070-ti-eagle-oc-12g/
GIGABYTE GEFORCE RTX 4080 16GB AERO OC Graphic Card,gigabytegeforcertx408016gbaeroocgraphiccard,,,,,,,,,,599000.0,Out of Stock,https://www.winsoft.lk/product/gigabyte-geforce-rtx-4080-16gb-aero-oc-graphic-card/
Gigabyte RTX 3060 Ti GAMING OC D6X 8G Graphics Card,gigabytertx3060tiocd6x8ggraphicscard,,,,,,,,,,179000.0,Out of Stock,https://www.winsoft.lk/product/geforce-rtx-3060-ti-gaming-oc-8g-graphics/
ANTEC SHIFT VERTICAL GPU BRACKET WITH PCIE 4.0 RISER CABLE – WHITE,antecshiftverticalgpubracketpcie40risercablewhite,,,,,,,17500.0,In Stock,https://pcbuilders.lk/antec-with-pcie-4-white-2/,,,
ANTEC SHIFT VERTICAL GPU BRACKET WITH PCIE 4.0 RISER CABLE – BLACK,antecshiftverticalgpubracketpcie40risercableblack,,,,,,,17500.0,In Stock,https://pcbuilders.lk/antec-with-pcie-4-black-2/,,,
"ANTEC VERTICLE GPU RGB MOUNT, PCIE 4.0 RISER CABLE HIGH SPEED FLEXIBLE EXTENDER CARD EXTENSION PORT",antecverticlegpurgbmountpcie40risercablehighspeedflexibleextendercardextensionport,,,,,,,15000.0,In Stock,https://pcbuilders.lk/antec-mount-pcie-4-2/,,,
"ANTEC VERTICAL GPU MOUNT, PCIE 4.0 RISER CABLE HIGH SPEED FLEXIBLE EXTENDER CARD EXTENSION PORT",antecverticalgpumountpcie40risercablehighspeedflexibleextendercardextensionport,,,,,,,13000.0,In Stock,https://pcbuilders.lk/antec-mount-pcie-4/,,,
ASUS DUAL GEFORCE RTX 4060 TI 8GB EVO WHITE EDITION VGA CARD (USED),asusdualgeforcertx4060ti8gbevowhitevgacard,130000.0,In Stock,https://computerzone.lk/product/asus-dual-geforce-rtx-4060-ti-8gb-evo/,,,,,,,,,
ASUS DUAL GTX 1060 6GB VGA CARD (USED),asusdualgtx10606gbvgacard,42000.0,In Stock,https://computerzone.lk/product/asus-dual-gtx-1060-6gb-vga-card-used/,,,,,,,,,
ASUS TUF GAMING GEFORCE RTX 5070TI 16GB GDDR7 OC EDITION GRAPHICS CARD,asustufgeforcertx5070ti16gbgddr7ocgraphicscard,430000.0,In Stock,https://computerzone.lk/product/asus-tuf-gaming-geforce-rtx-5070ti-16gb/,,,,,,,,,
ASUS TUF GTX 1660 SUPER 6GB GAMING VGA CARD (USED),asustufgtx1660super6gbvgacard,51500.0,In Stock,https://computerzone.lk/product/asus-tuf-gtx-1660-super-6gb-gaming-vga/,,,,,,,,,
ASUS TUF RTX 2060 6GB GAMING VGA CARD (USED),asustufrtx20606gbvgacard,59500.0,In Stock,https://computerzone.lk/product/asus-tuf-rtx-2060-6gb-gaming-vga-card-used/,,,,,,,,,
ASUS TX RTX 5070 12GB OC WHITE GRAPHICS CARD,asustxrtx507012gbocwhitegraphicscard,330000.0,In Stock,https://computerzone.lk/product/asus-tx-rtx-5070-12gb-oc-white/,,,,,,,,,
GIGABYTE GEFORCE RTX 3070 GAMING OC 8GB VGA CARD (USED),gigabytegeforcertx3070oc8gbvgacard,105000.0,In Stock,https://computerzone.lk/product/gigabyte-geforce-rtx-3070-gaming-oc-8gb/,,,,,,,,,
GTX 1060 3GB VGA CARD (USED),gtx10603gbvgacard,31500.0,In Stock,https://computerzone.lk/product/gtx-1060-3gb-vga-card-used/,,,,,,,,,
GTX 660 2GB VGA CARD (USED),gtx6602gbvgacard,13500.0,Out of Stock,https://computerzone.lk/product/gtx-660-2gb-vga-card-used/,,,,,,,,,
GTX 750 1GB VGA CARD (USED),gtx7501gbvgacard,10500.0,In Stock,https://computerzone.lk/product/gtx-750-1gb-vga-card-used/,,,,,,,,,
GTX 750TI 2GB VGA CARD (USED),gtx750ti2gbvgacard,17500.0,In Stock,https://computerzone.lk/product/gtx-750ti-2gb-vga-card-used/,,,,,,,,,
GTX 760 2GB VGA CARD (USED),gtx7602gbvgacard,16500.0,In Stock,https://computerzone.lk/product/gtx-760-2gb-vga-card-used/,,,,,,,,,
GTX 960 2GB GIGABYTE G1 GAMING VGA CARD (USED),gtx9602gbgigabyteg1vgacard,21500.0,Out of Stock,https://computerzone.lk/product/gtx-960-2gb-gigabyte-g1-gaming-vga/,,,,,,,,,
GTX 960 4GB GIGABYTE G1 GAMING VGA CARD (USED),gtx9604gbgigabyteg1vgacard,26500.0,Out of Stock,https://computerzone.lk/product/gtx-960-4gb-gigabyte-g1-gaming-vga-card/,,,,,,,,,
MSI ARMOR GEFORCE GTX 1070 8GB OC VGA CARD (USED),msiarmorgeforcegtx10708gbocvgacard,48500.0,Out of Stock,https://computerzone.lk/product/msi-armor-geforce-gtx-1070-8gb-oc-vga-card/,,,,,,,,,
MSI ARMOR GEFORCE GTX 1070TI 8GB VGA CARD (USED),msiarmorgeforcegtx1070ti8gbvgacard,47500.0,Out of Stock,https://computerzone.lk/product/msi-armor-geforce-gtx-1070ti-8gb-vga-card/,,,,,,,,,
MSI GAMING GTX 970 4GB VGA CARD (USED),msigtx9704gbvgacard,31500.0,Out of Stock,https://computerzone.lk/product/msi-gaming-gtx-970-4gb-vga-card-used/,,,,,,,,,
MSI GAMING X GTX 1070 8GB VGA CARD (USED),msixgtx10708gbvgacard,46500.0,Out of Stock,https://computerzone.lk/product/msi-gaming-x-gtx-1070-8gb-vga-card-used/,,,,,,,,,
MSI GAMING X GTX 1650 SUPER 4GB VGA CARD (USED),msixgtx1650super4gbvgacard,43500.0,Out of Stock,https://computerzone.lk/product/msi-gaming-x-gtx-1650-super-4gb-vga-card/,,,,,,,,,
MSI GEFORCE GT 710 2GB GDRR3 64-BIT LOW PROFILE GRAPHICS CARD,msigeforcegt7102gbgdrr364bitlowprofilegraphicscard,18000.0,In Stock,https://computerzone.lk/product/msi-gaming-geforce-gt-710-2gb/,,,,,,,,,
MSI GEFORCE RTX 2060 VENTUS 6GB OC VGA CARD (USED),msigeforcertx2060ventus6gbocvgacard,60000.0,Out of Stock,https://computerzone.lk/product/msi-geforce-rtx-2060-ventus-6gb-oc/,,,,,,,,,
MSI GEFORCE RTX 2070 SUPER 8GB VENTUS OC VGA CARD (USED),msigeforcertx2070super8gbventusocvgacard,75000.0,Out of Stock,https://computerzone.lk/product/msi-geforce-rtx-2070-super-8gb-ventus-oc-vga-card-used/,,,,,,,,,
MSI GEFORCE RTX 3050 VENTUS 2X 6GB OC GRAPHICS CARD,msigeforcertx3050ventus2x6gbocgraphicscard,93000.0,In Stock,https://computerzone.lk/product/msi-geforce-rtx-3050-ventus-2x-6gb-oc/,,,,,,,,,
MSI GEFORCE RTX 3050 VENTUS 2X XS 8GB GDDR6X OC GRAPHICS CARD,msigeforcertx3050ventus2xxs8gbgddr6xocgraphicscard,105000.0,In Stock,https://computerzone.lk/product/msi-geforce-rtx-3050-ventus-graphics-card/,,,,,,,,,
MSI GEFORCE RTX 3060 VENTUS 2X OC 12GB GDDR6 GRAPHICS CARD,msigeforcertx3060ventus2xoc12gbgddr6graphicscard,135000.0,In Stock,https://computerzone.lk/product/msi-geforce-rtx-3060-ventus-2x-oc-12gb/,,,,,,,,,
MSI GEFORCE RTX 5050 8GB VENTUS 2X OC GRAPHICS CARD,msigeforcertx50508gbventus2xocgraphicscard,138000.0,In Stock,https://computerzone.lk/product/msi-geforce-rtx-5050-8gb-ventus-2x-oc/,,,,,,,,,
MSI GEFORCE RTX 5060 GAMING OC 8GB GDDR7X GRAPHICS CARD,msigeforcertx5060oc8gbgddr7xgraphicscard,165000.0,In Stock,https://computerzone.lk/product/msi-geforce-rtx-5060-gaming-oc-8gb-gddr7x/,,,,,,,,,
MSI GEFORCE RTX 5060 TI VENTUS 2X OC PLUS 8GB GDDR7X GRAPHICS CARD,msigeforcertx5060tiventus2xocplus8gbgddr7xgraphicscard,170000.0,Out of Stock,https://computerzone.lk/product/msi-geforce-rtx-5060-ti-ventus-2x-oc-plus/,,,,,,,,,
MSI GEFORCE RTX 5060 VENTUS 2X OC 8GB GDDR7X GRAPHICS CARD,msigeforcertx5060ventus2xoc8gbgddr7xgraphicscard,152000.0,In Stock,https://computerzone.lk/product/msi-geforce-rtx-5060-ventus-2x-oc-8gb/,,,,,,,,,
MSI GEFORCE RTX 5060TI GAMING TRIO OC 8GB GDDR7X GRAPHICS CARD,msigeforcertx5060titriooc8gbgddr7xgraphicscard,190000.0,Out of Stock,https://computerzone.lk/product/rtx-5060ti-8g-gaming-trio-oc/,,,,,,,,,
MSI GEFORCE RTX 5070 12G SHADOW 2X OC GRAPHICS CARD,msigeforcertx507012gshadow2xocgraphicscard,266000.0,In Stock,https://computerzone.lk/product/msi-geforce-rtx-5070-12g-shadow-2x-oc/,,,,,,,,,
MSI GEFORCE RTX 5070 12G VENTUS 2X OC GRAPHICS CARD,msigeforcertx507012gventus2xocgraphicscard,279000.0,In Stock,https://computerzone.lk/product/msi-geforce-rtx-5070-12g-ventus-2x-oc/,,,,,,,,,
MSI GEFORCE RTX 5070 GAMING TRIO OC 12GB GDDR7X GRAPHICS CARD,msigeforcertx5070triooc12gbgddr7xgraphicscard,285500.0,Out of Stock,https://computerzone.lk/product/msi-geforce-rtx-5070-gaming-trio-oc-12gb/,,,,,,,,,
MSI GEFORCE RTX 5070 TI MLG EDITION 3X OC 16GB GDDR7X GRAPHICS CARD,msigeforcertx5070timlg3xoc16gbgddr7xgraphicscard,388000.0,In Stock,https://computerzone.lk/product/msi-geforce-rtx-5070-ti-mlg-edition-3x-oc/,,,,,,,,,
MSI GEFORCE RTX 5070 TI SHADOW 3X OC 16GB GDDR7X GRAPHIC CARD,msigeforcertx5070tishadow3xoc16gbgddr7xgraphiccard,347000.0,In Stock,https://computerzone.lk/product/msi-geforce-rtx-5070-ti-shadow-3x-oc-16gb/,,,,,,,,,
MSI GEFORCE RTX 5070 TI VANGUARD SOC LAUNCH EDITION OC 16GB GDDR7X GRAPHICS CARD,msigeforcertx5070tivanguardsoclaunchoc16gbgddr7xgraphicscard,387000.0,Out of Stock,https://computerzone.lk/product/msi-geforce-rtx-5070-ti-vanguard-soc/,,,,,,,,,
MSI GEFORCE RTX 5070 VANGUARD SOC 12GB GDDR7X GRAPHICS CARD,msigeforcertx5070vanguardsoc12gbgddr7xgraphicscard,290000.0,Out of Stock,https://computerzone.lk/product/msi-geforce-rtx-5070-vanguard-soc-12gb/,,,,,,,,,
MSI GEFORCE RTX 5070 VANGUARD SOC LAUNCH EDITION OC 12GB GDDR7X GRAPHICS CARD,msigeforcertx5070vanguardsoclaunchoc12gbgddr7xgraphicscard,281000.0,Out of Stock,https://computerzone.lk/product/msi-geforce-rtx-5070-vanguard/,,,,,,,,,
MSI GTX 1080 GAMING X 8G VGA CARD (USED),msigtx1080x8gvgacard,54500.0,Out of Stock,https://computerzone.lk/product/msi-gtx-1080-gaming-x-8g-vga-card-used/,,,,,,,,,
MSI RADEON™ RX 6600XT GAMING X 8GB VGA CARD (USED),msiradeonrx6600xtx8gbvgacard,78500.0,Out of Stock,https://computerzone.lk/product/msi-radeon-rx-6600xt-gaming-x-8gb-vga-card/,,,,,,,,,
PALIT JETSTREAM RTX 2070 SUPER 8GB VGA CARD (USED),palitjetstreamrtx2070super8gbvgacard,72000.0,In Stock,https://computerzone.lk/product/palit-jetstream-rtx-2070-super-8gb-vga/,,,,,,,,,
PNY GEFORCE RTX 3050 6GB VERTO DUAL FAN GRAPHICS CARD,pnygeforcertx30506gbvertodualfangraphicscard,75000.0,Out of Stock,https://computerzone.lk/product/pny-geforce-rtx-3050-6gb-verto/,,,,,,,,,
RED DEVIL AMD RADEON™ RX 6600 XT 8GB GDDR6 VGA CARD (USED),reddevilamdradeonrx6600xt8gbgddr6vgacard,75000.0,Out of Stock,https://computerzone.lk/product/red-devil-amd-radeon-rx-6600-xt-8gb-gddr6/,,,,,,,,,
SAPPHIRE NITRO RX 5700XT 8G GDDR6 VGA CARD (USED),sapphirenitrorx5700xt8ggddr6vgacard,70000.0,Out of Stock,https://computerzone.lk/product/sapphire-nitro-rx-5700xt-8g-gddr6-vga-card/,,,,,,,,,
SAPPHIRE NITRO RX 580 8GB VGA CARD (USED),sapphirenitrorx5808gbvgacard,32500.0,Out of Stock,https://computerzone.lk/product/sapphire-nitro-rx-580-8gb-vga-card-used/,,,,,,,,,
XFX AMD RADEON™ RX 580 8GB VGA CARD (USED),xfxamdradeonrx5808gbvgacard,32500.0,Out of Stock,https://computerzone.lk/product/xfx-amd-radeon-rx-580-8gb-vga-card-used/,,,,,,,,,
ZOTAC GAMING GEFORCE RTX 2070 8GB MINI VGA CARD (USED),zotacgeforcertx20708gbminivgacard,70000.0,Out of Stock,https://computerzone.lk/product/zotac-gaming-geforce-rtx-2070-8gb-mini/,,,,,,,,,
ZOTAC GAMING GEFORCE RTX 2070 SUPER 8GB TWIN FAN VGA CARD (USED),zotacgeforcertx2070super8gbtwinfanvgacard,80000.0,Out of Stock,https://computerzone.lk/product/zotac-gaming-geforce-rtx-2070-super-8gb/,,,,,,,,,
ZOTAC GAMING GEFORCE RTX 5050 TWIN EDGE OC GRAPHICS CARD,zotacgeforcertx5050twinedgeocgraphicscard,101000.0,Out of Stock,https://computerzone.lk/product/zotac-gaming-geforce-rtx-5050-twin-edge-oc/,,,,,,,,,
ZOTAC GAMING GEFORCE RTX 5060 8GB TWIN EDGE GRAPHICS CARD,zotacgeforcertx50608gbtwinedgegraphicscard,124000.0,Out of Stock,https://computerzone.lk/product/zotac-geforce-rtx-5060-8gb-twin-edge/,,,,,,,,,
ZOTAC GAMING GEFORCE RTX 5060 8GB TWIN EDGE OC WHITE EDITION,zotacgeforcertx50608gbtwinedgeocwhite,129000.0,Out of Stock,https://computerzone.lk/product/zotac-rtx-5060-8gb-twin-edge-oc-white/,,,,,,,,,
ZOTAC GAMING GEFORCE RTX 5060 TI 8GB AMP GRAPHICS CARD,zotacgeforcertx5060ti8gbampgraphicscard,169000.0,In Stock,https://computerzone.lk/product/zotac-gaming-geforce-rtx-5060-ti-8gb-amp/,,,,,,,,,
ZOTAC GAMING GTX 1650 4GB AMP CORE GRAPHICS CARD,zotacgtx16504gbampgraphicscard,62000.0,Out of Stock,https://computerzone.lk/product/zotac-gaming-gtx-1650-4gb-amp-core-graphics-card/,,,,,,,,,
ZOTAC GEFORCE GTX 1070TI 8GB AMP EDITION VGA CARD (USED),zotacgeforcegtx1070ti8gbampvgacard,49500.0,Out of Stock,https://computerzone.lk/product/zotac-geforce-gtx-1070ti-8gb-amp-edition/,,,,,,,,,
ZOTAC GEFORCE GTX 1070TI 8GB AMP EXTREME VGA CARD (USED),zotacgeforcegtx1070ti8gbampextremevgacard,50000.0,Out of Stock,https://computerzone.lk/product/zotac-geforce-gtx-1070ti-8gb-used/,,,,,,,,,
ZOTAC GTX 960 2GB VGA CARD (USED),zotacgtx9602gbvgacard,21500.0,In Stock,https://computerzone.lk/product/zotac-gtx-960-2gb-vga-card-used/,,,,,,,,,
ZOTAC GTX 960 4GB VGA CARD (USED),zotacgtx9604gbvgacard,24500.0,Out of Stock,https://computerzone.lk/product/zotac-gtx-960-4gb-vga-card-used/,,,,,,,,,
